{"train/entropy_loss":-4.23238,"rollout/ep_rew_mean":-201.97733,"train/learning_rate":0.0003,"train/value_loss":0.7830922,"_runtime":17.796417011,"_wandb":{"runtime":17},"train/clip_fraction":0.033935547,"train/clip_range":0.2,"train/policy_gradient_loss":-0.003539801,"time/fps":721,"global_step":12288,"train/approx_kl":0.006026997,"train/explained_variance":-1.9442046,"_timestamp":1.7370325156587205e+09,"train/loss":0.07070485,"rollout/ep_len_mean":1001,"train/std":0.99069214,"_step":68}