{"_step":6347,"train/explained_variance":0.949422,"train/policy_gradient_loss":0.03942888,"rollout/ep_len_mean":18.86,"train/value_loss":112.4775,"train/std":0.0145738525,"train/approx_kl":0.058670014,"train/entropy_loss":8.480172,"time/fps":581,"train/loss":46.21532,"_runtime":1724.477377752,"global_step":1001472,"train/learning_rate":0.0003,"train/clip_range":0.2,"train/clip_fraction":0.45478517,"_wandb":{"runtime":1724},"_timestamp":1.7345303207595117e+09,"rollout/ep_rew_mean":-86.862335}