{"train/policy_gradient_loss":-0.0025506993,"train/clip_fraction":0.006787109,"train/std":0.8942132,"train/entropy_loss":-3.8907182,"train/loss":12773.769,"rollout/ep_len_mean":940.22473,"_runtime":120.049074119,"train/value_loss":27016.992,"_timestamp":1.7345284282764065e+09,"time/fps":712,"global_step":83968,"train/clip_range":0.2,"rollout/ep_rew_mean":-13578.482,"train/learning_rate":0.0003,"train/explained_variance":-1.1920929e-07,"_step":523,"train/approx_kl":0.003754441,"_wandb":{"runtime":120}}