{"rollout/ep_rew_mean":-12510.255,"time/fps":1272,"_wandb":{"runtime":3},"_step":2,"rollout/ep_len_mean":1001,"global_step":2048,"_timestamp":1.7345282351398866e+09,"_runtime":3.592815933}